scene,solver,iterations,steps,N_bodies,N_contacts,N_joints,ms_per_step,drift_max,Linf_penetration,energy_drift,cone_consistency,simd,threads
two_spheres,baseline,10,1,2,1,0,0.010994,0,0,0,1,0,1
two_spheres,cached,10,1,2,1,0,0.041521,0,0,0,1,0,1
two_spheres,soa,10,1,2,1,0,0.194711,0,0,0,1,1,1
spheres_cloud_1024,baseline,10,30,1025,3782,0,1.57905,0,10.5,0,1,0,1
spheres_cloud_1024,cached,10,30,1025,3782,0,1.95718,65542.6,0,2.83618e+06,1,0,1
spheres_cloud_1024,soa,10,30,1025,3782,0,2.53899,65542.6,0,2.83618e+06,1,1,1
box_stack_4,baseline,10,30,5,4,0,0.00202527,0,0.5,0,1,0,1
box_stack_4,cached,10,30,5,4,0,0.004032,21.1641,0,56.0146,1,0,1
box_stack_4,soa,10,30,5,4,0,0.0139347,21.1641,0,56.0146,1,1,1
